model_name,sharpe,num_trades,prob_thres,model
XGBoost,3.7472525845101297,694,0.45,"XGBClassifier(base_score=None, booster=None, callbacks=None,
              colsample_bylevel=None, colsample_bynode=None,
              colsample_bytree=0.8140559036540189, device=None,
              early_stopping_rounds=None, enable_categorical=True,
              eval_metric=None, feature_types=None, feature_weights=None,
              gamma=0.21690746596454025, grow_policy=None, importance_type=None,
              interaction_constraints=None, learning_rate=0.1947166207580951,
              max_bin=None, max_cat_threshold=None, max_cat_to_onehot=None,
              max_delta_step=None, max_depth=4, max_leaves=None,
              min_child_weight=None, missing=nan, monotone_constraints=None,
              multi_strategy=None, n_estimators=1000, n_jobs=None,
              num_parallel_tree=None, ...)"
XGBoost,3.721509571991236,696,0.45,"XGBClassifier(base_score=None, booster=None, callbacks=None,
              colsample_bylevel=None, colsample_bynode=None,
              colsample_bytree=0.9607176434603996, device=None,
              early_stopping_rounds=None, enable_categorical=True,
              eval_metric=None, feature_types=None, feature_weights=None,
              gamma=1.0464828056461695, grow_policy=None, importance_type=None,
              interaction_constraints=None, learning_rate=0.062062791303021815,
              max_bin=None, max_cat_threshold=None, max_cat_to_onehot=None,
              max_delta_step=None, max_depth=8, max_leaves=None,
              min_child_weight=None, missing=nan, monotone_constraints=None,
              multi_strategy=None, n_estimators=1000, n_jobs=None,
              num_parallel_tree=None, ...)"
XGBoost,3.5436313468063783,702,0.45,"XGBClassifier(base_score=None, booster=None, callbacks=None,
              colsample_bylevel=None, colsample_bynode=None,
              colsample_bytree=0.7650579547320424, device=None,
              early_stopping_rounds=None, enable_categorical=True,
              eval_metric=None, feature_types=None, feature_weights=None,
              gamma=1.115187067630902, grow_policy=None, importance_type=None,
              interaction_constraints=None, learning_rate=0.19120407364141476,
              max_bin=None, max_cat_threshold=None, max_cat_to_onehot=None,
              max_delta_step=None, max_depth=8, max_leaves=None,
              min_child_weight=None, missing=nan, monotone_constraints=None,
              multi_strategy=None, n_estimators=1000, n_jobs=None,
              num_parallel_tree=None, ...)"
XGBoost,3.2356332464209934,727,0.4,"XGBClassifier(base_score=None, booster=None, callbacks=None,
              colsample_bylevel=None, colsample_bynode=None,
              colsample_bytree=0.7864052327223556, device=None,
              early_stopping_rounds=None, enable_categorical=True,
              eval_metric=None, feature_types=None, feature_weights=None,
              gamma=0.32447696330889564, grow_policy=None, importance_type=None,
              interaction_constraints=None, learning_rate=0.19791698424511994,
              max_bin=None, max_cat_threshold=None, max_cat_to_onehot=None,
              max_delta_step=None, max_depth=5, max_leaves=None,
              min_child_weight=None, missing=nan, monotone_constraints=None,
              multi_strategy=None, n_estimators=1000, n_jobs=None,
              num_parallel_tree=None, ...)"
XGBoost,3.2043174813140696,726,0.45,"XGBClassifier(base_score=None, booster=None, callbacks=None,
              colsample_bylevel=None, colsample_bynode=None,
              colsample_bytree=0.9592473471466565, device=None,
              early_stopping_rounds=None, enable_categorical=True,
              eval_metric=None, feature_types=None, feature_weights=None,
              gamma=1.1155186632935965, grow_policy=None, importance_type=None,
              interaction_constraints=None, learning_rate=0.058263388499113056,
              max_bin=None, max_cat_threshold=None, max_cat_to_onehot=None,
              max_delta_step=None, max_depth=7, max_leaves=None,
              min_child_weight=None, missing=nan, monotone_constraints=None,
              multi_strategy=None, n_estimators=1000, n_jobs=None,
              num_parallel_tree=None, ...)"
XGBoost,3.1544088302576783,746,0.45,"XGBClassifier(base_score=None, booster=None, callbacks=None,
              colsample_bylevel=None, colsample_bynode=None,
              colsample_bytree=0.8637756311375373, device=None,
              early_stopping_rounds=None, enable_categorical=True,
              eval_metric=None, feature_types=None, feature_weights=None,
              gamma=1.0731111025953801, grow_policy=None, importance_type=None,
              interaction_constraints=None, learning_rate=0.028428333096636345,
              max_bin=None, max_cat_threshold=None, max_cat_to_onehot=None,
              max_delta_step=None, max_depth=4, max_leaves=None,
              min_child_weight=None, missing=nan, monotone_constraints=None,
              multi_strategy=None, n_estimators=1000, n_jobs=None,
              num_parallel_tree=None, ...)"
XGBoost,3.1482556070830157,741,0.45,"XGBClassifier(base_score=None, booster=None, callbacks=None,
              colsample_bylevel=None, colsample_bynode=None,
              colsample_bytree=0.9669350732508293, device=None,
              early_stopping_rounds=None, enable_categorical=True,
              eval_metric=None, feature_types=None, feature_weights=None,
              gamma=1.0744519030729733, grow_policy=None, importance_type=None,
              interaction_constraints=None, learning_rate=0.02772925489733738,
              max_bin=None, max_cat_threshold=None, max_cat_to_onehot=None,
              max_delta_step=None, max_depth=4, max_leaves=None,
              min_child_weight=None, missing=nan, monotone_constraints=None,
              multi_strategy=None, n_estimators=1000, n_jobs=None,
              num_parallel_tree=None, ...)"
XGBoost,3.1313359885494387,717,0.45,"XGBClassifier(base_score=None, booster=None, callbacks=None,
              colsample_bylevel=None, colsample_bynode=None,
              colsample_bytree=0.9728158514212648, device=None,
              early_stopping_rounds=None, enable_categorical=True,
              eval_metric=None, feature_types=None, feature_weights=None,
              gamma=1.0438527718554593, grow_policy=None, importance_type=None,
              interaction_constraints=None, learning_rate=0.19103391643349163,
              max_bin=None, max_cat_threshold=None, max_cat_to_onehot=None,
              max_delta_step=None, max_depth=7, max_leaves=None,
              min_child_weight=None, missing=nan, monotone_constraints=None,
              multi_strategy=None, n_estimators=1000, n_jobs=None,
              num_parallel_tree=None, ...)"
XGBoost,3.0329601939922006,748,0.45,"XGBClassifier(base_score=None, booster=None, callbacks=None,
              colsample_bylevel=None, colsample_bynode=None,
              colsample_bytree=0.9472895414448329, device=None,
              early_stopping_rounds=None, enable_categorical=True,
              eval_metric=None, feature_types=None, feature_weights=None,
              gamma=1.0504329498943452, grow_policy=None, importance_type=None,
              interaction_constraints=None, learning_rate=0.010913355333248376,
              max_bin=None, max_cat_threshold=None, max_cat_to_onehot=None,
              max_delta_step=None, max_depth=8, max_leaves=None,
              min_child_weight=None, missing=nan, monotone_constraints=None,
              multi_strategy=None, n_estimators=1000, n_jobs=None,
              num_parallel_tree=None, ...)"
XGBoost,3.0272298456649738,751,0.45,"XGBClassifier(base_score=None, booster=None, callbacks=None,
              colsample_bylevel=None, colsample_bynode=None,
              colsample_bytree=0.9636949236689365, device=None,
              early_stopping_rounds=None, enable_categorical=True,
              eval_metric=None, feature_types=None, feature_weights=None,
              gamma=1.0811895538071516, grow_policy=None, importance_type=None,
              interaction_constraints=None, learning_rate=0.021722027903876107,
              max_bin=None, max_cat_threshold=None, max_cat_to_onehot=None,
              max_delta_step=None, max_depth=4, max_leaves=None,
              min_child_weight=None, missing=nan, monotone_constraints=None,
              multi_strategy=None, n_estimators=1000, n_jobs=None,
              num_parallel_tree=None, ...)"
XGBoost,2.8495378660040696,716,0.5,"XGBClassifier(base_score=None, booster=None, callbacks=None,
              colsample_bylevel=None, colsample_bynode=None,
              colsample_bytree=0.7196142541545345, device=None,
              early_stopping_rounds=None, enable_categorical=True,
              eval_metric=None, feature_types=None, feature_weights=None,
              gamma=1.4883659683291532, grow_policy=None, importance_type=None,
              interaction_constraints=None, learning_rate=0.145899330435856,
              max_bin=None, max_cat_threshold=None, max_cat_to_onehot=None,
              max_delta_step=None, max_depth=7, max_leaves=None,
              min_child_weight=None, missing=nan, monotone_constraints=None,
              multi_strategy=None, n_estimators=1000, n_jobs=None,
              num_parallel_tree=None, ...)"
XGBoost,2.843625593839348,747,0.45,"XGBClassifier(base_score=None, booster=None, callbacks=None,
              colsample_bylevel=None, colsample_bynode=None,
              colsample_bytree=0.9611432058194883, device=None,
              early_stopping_rounds=None, enable_categorical=True,
              eval_metric=None, feature_types=None, feature_weights=None,
              gamma=1.3828851929427586, grow_policy=None, importance_type=None,
              interaction_constraints=None, learning_rate=0.0568702760675303,
              max_bin=None, max_cat_threshold=None, max_cat_to_onehot=None,
              max_delta_step=None, max_depth=7, max_leaves=None,
              min_child_weight=None, missing=nan, monotone_constraints=None,
              multi_strategy=None, n_estimators=1000, n_jobs=None,
              num_parallel_tree=None, ...)"
XGBoost,2.8194879456891213,748,0.45,"XGBClassifier(base_score=None, booster=None, callbacks=None,
              colsample_bylevel=None, colsample_bynode=None,
              colsample_bytree=0.9595026205426184, device=None,
              early_stopping_rounds=None, enable_categorical=True,
              eval_metric=None, feature_types=None, feature_weights=None,
              gamma=1.4199452119227816, grow_policy=None, importance_type=None,
              interaction_constraints=None, learning_rate=0.05171963738047632,
              max_bin=None, max_cat_threshold=None, max_cat_to_onehot=None,
              max_delta_step=None, max_depth=8, max_leaves=None,
              min_child_weight=None, missing=nan, monotone_constraints=None,
              multi_strategy=None, n_estimators=1000, n_jobs=None,
              num_parallel_tree=None, ...)"
XGBoost,2.7425010677830124,771,0.45,"XGBClassifier(base_score=None, booster=None, callbacks=None,
              colsample_bylevel=None, colsample_bynode=None,
              colsample_bytree=0.9435514037056588, device=None,
              early_stopping_rounds=None, enable_categorical=True,
              eval_metric=None, feature_types=None, feature_weights=None,
              gamma=1.3996162438408042, grow_policy=None, importance_type=None,
              interaction_constraints=None, learning_rate=0.021819662774624698,
              max_bin=None, max_cat_threshold=None, max_cat_to_onehot=None,
              max_delta_step=None, max_depth=7, max_leaves=None,
              min_child_weight=None, missing=nan, monotone_constraints=None,
              multi_strategy=None, n_estimators=1000, n_jobs=None,
              num_parallel_tree=None, ...)"
XGBoost,2.7021652713877446,777,0.45,"XGBClassifier(base_score=None, booster=None, callbacks=None,
              colsample_bylevel=None, colsample_bynode=None,
              colsample_bytree=0.951579849365779, device=None,
              early_stopping_rounds=None, enable_categorical=True,
              eval_metric=None, feature_types=None, feature_weights=None,
              gamma=1.4249039851055911, grow_policy=None, importance_type=None,
              interaction_constraints=None, learning_rate=0.020163805027799592,
              max_bin=None, max_cat_threshold=None, max_cat_to_onehot=None,
              max_delta_step=None, max_depth=7, max_leaves=None,
              min_child_weight=None, missing=nan, monotone_constraints=None,
              multi_strategy=None, n_estimators=1000, n_jobs=None,
              num_parallel_tree=None, ...)"
XGBoost,2.5616473352327964,787,0.4,"XGBClassifier(base_score=None, booster=None, callbacks=None,
              colsample_bylevel=None, colsample_bynode=None,
              colsample_bytree=0.9335128301925253, device=None,
              early_stopping_rounds=None, enable_categorical=True,
              eval_metric=None, feature_types=None, feature_weights=None,
              gamma=0.10556808062105683, grow_policy=None, importance_type=None,
              interaction_constraints=None, learning_rate=0.19651341746046916,
              max_bin=None, max_cat_threshold=None, max_cat_to_onehot=None,
              max_delta_step=None, max_depth=5, max_leaves=None,
              min_child_weight=None, missing=nan, monotone_constraints=None,
              multi_strategy=None, n_estimators=500, n_jobs=None,
              num_parallel_tree=None, ...)"
XGBoost,2.5432967459494735,784,0.45,"XGBClassifier(base_score=None, booster=None, callbacks=None,
              colsample_bylevel=None, colsample_bynode=None,
              colsample_bytree=0.9597506691827505, device=None,
              early_stopping_rounds=None, enable_categorical=True,
              eval_metric=None, feature_types=None, feature_weights=None,
              gamma=1.5324048945797655, grow_policy=None, importance_type=None,
              interaction_constraints=None, learning_rate=0.021188942445527173,
              max_bin=None, max_cat_threshold=None, max_cat_to_onehot=None,
              max_delta_step=None, max_depth=8, max_leaves=None,
              min_child_weight=None, missing=nan, monotone_constraints=None,
              multi_strategy=None, n_estimators=1000, n_jobs=None,
              num_parallel_tree=None, ...)"
XGBoost,2.49725575362547,760,0.45,"XGBClassifier(base_score=None, booster=None, callbacks=None,
              colsample_bylevel=None, colsample_bynode=None,
              colsample_bytree=0.8636060785402264, device=None,
              early_stopping_rounds=None, enable_categorical=True,
              eval_metric=None, feature_types=None, feature_weights=None,
              gamma=0.1053619085459589, grow_policy=None, importance_type=None,
              interaction_constraints=None, learning_rate=0.024386090556850176,
              max_bin=None, max_cat_threshold=None, max_cat_to_onehot=None,
              max_delta_step=None, max_depth=4, max_leaves=None,
              min_child_weight=None, missing=nan, monotone_constraints=None,
              multi_strategy=None, n_estimators=1000, n_jobs=None,
              num_parallel_tree=None, ...)"
XGBoost,2.4910479207624574,758,0.45,"XGBClassifier(base_score=None, booster=None, callbacks=None,
              colsample_bylevel=None, colsample_bynode=None,
              colsample_bytree=0.830179751067297, device=None,
              early_stopping_rounds=None, enable_categorical=True,
              eval_metric=None, feature_types=None, feature_weights=None,
              gamma=0.21041678488691962, grow_policy=None, importance_type=None,
              interaction_constraints=None, learning_rate=0.03989738674434203,
              max_bin=None, max_cat_threshold=None, max_cat_to_onehot=None,
              max_delta_step=None, max_depth=4, max_leaves=None,
              min_child_weight=None, missing=nan, monotone_constraints=None,
              multi_strategy=None, n_estimators=1000, n_jobs=None,
              num_parallel_tree=None, ...)"
XGBoost,2.481550868895125,711,0.5,"XGBClassifier(base_score=None, booster=None, callbacks=None,
              colsample_bylevel=None, colsample_bynode=None,
              colsample_bytree=0.7975984211006069, device=None,
              early_stopping_rounds=None, enable_categorical=True,
              eval_metric=None, feature_types=None, feature_weights=None,
              gamma=1.0696851845899817, grow_policy=None, importance_type=None,
              interaction_constraints=None, learning_rate=0.19031241309432048,
              max_bin=None, max_cat_threshold=None, max_cat_to_onehot=None,
              max_delta_step=None, max_depth=10, max_leaves=None,
              min_child_weight=None, missing=nan, monotone_constraints=None,
              multi_strategy=None, n_estimators=800, n_jobs=None,
              num_parallel_tree=None, ...)"
XGBoost,2.456314719782563,774,0.45,"XGBClassifier(base_score=None, booster=None, callbacks=None,
              colsample_bylevel=None, colsample_bynode=None,
              colsample_bytree=0.8009251744940479, device=None,
              early_stopping_rounds=None, enable_categorical=True,
              eval_metric=None, feature_types=None, feature_weights=None,
              gamma=0.2890977776854287, grow_policy=None, importance_type=None,
              interaction_constraints=None, learning_rate=0.1943799641432098,
              max_bin=None, max_cat_threshold=None, max_cat_to_onehot=None,
              max_delta_step=None, max_depth=5, max_leaves=None,
              min_child_weight=None, missing=nan, monotone_constraints=None,
              multi_strategy=None, n_estimators=1000, n_jobs=None,
              num_parallel_tree=None, ...)"
XGBoost,2.4528812807432487,776,0.45,"XGBClassifier(base_score=None, booster=None, callbacks=None,
              colsample_bylevel=None, colsample_bynode=None,
              colsample_bytree=0.862919785094245, device=None,
              early_stopping_rounds=None, enable_categorical=True,
              eval_metric=None, feature_types=None, feature_weights=None,
              gamma=0.23174729406065436, grow_policy=None, importance_type=None,
              interaction_constraints=None, learning_rate=0.03759932428928231,
              max_bin=None, max_cat_threshold=None, max_cat_to_onehot=None,
              max_delta_step=None, max_depth=4, max_leaves=None,
              min_child_weight=None, missing=nan, monotone_constraints=None,
              multi_strategy=None, n_estimators=1000, n_jobs=None,
              num_parallel_tree=None, ...)"
XGBoost,2.420963044096904,765,0.45,"XGBClassifier(base_score=None, booster=None, callbacks=None,
              colsample_bylevel=None, colsample_bynode=None,
              colsample_bytree=0.9708811561876525, device=None,
              early_stopping_rounds=None, enable_categorical=True,
              eval_metric=None, feature_types=None, feature_weights=None,
              gamma=0.19753398842325273, grow_policy=None, importance_type=None,
              interaction_constraints=None, learning_rate=0.03005071917901915,
              max_bin=None, max_cat_threshold=None, max_cat_to_onehot=None,
              max_delta_step=None, max_depth=4, max_leaves=None,
              min_child_weight=None, missing=nan, monotone_constraints=None,
              multi_strategy=None, n_estimators=1000, n_jobs=None,
              num_parallel_tree=None, ...)"
XGBoost,2.385543164403746,774,0.45,"XGBClassifier(base_score=None, booster=None, callbacks=None,
              colsample_bylevel=None, colsample_bynode=None,
              colsample_bytree=0.8369727508423734, device=None,
              early_stopping_rounds=None, enable_categorical=True,
              eval_metric=None, feature_types=None, feature_weights=None,
              gamma=0.22895665361963585, grow_policy=None, importance_type=None,
              interaction_constraints=None, learning_rate=0.028506492312735443,
              max_bin=None, max_cat_threshold=None, max_cat_to_onehot=None,
              max_delta_step=None, max_depth=4, max_leaves=None,
              min_child_weight=None, missing=nan, monotone_constraints=None,
              multi_strategy=None, n_estimators=1000, n_jobs=None,
              num_parallel_tree=None, ...)"
XGBoost,2.2931151730768247,778,0.45,"XGBClassifier(base_score=None, booster=None, callbacks=None,
              colsample_bylevel=None, colsample_bynode=None,
              colsample_bytree=0.7705262296554, device=None,
              early_stopping_rounds=None, enable_categorical=True,
              eval_metric=None, feature_types=None, feature_weights=None,
              gamma=1.0570074534879146, grow_policy=None, importance_type=None,
              interaction_constraints=None, learning_rate=0.19104428239118101,
              max_bin=None, max_cat_threshold=None, max_cat_to_onehot=None,
              max_delta_step=None, max_depth=5, max_leaves=None,
              min_child_weight=None, missing=nan, monotone_constraints=None,
              multi_strategy=None, n_estimators=1000, n_jobs=None,
              num_parallel_tree=None, ...)"
XGBoost,1.8249743396252724,904,0.4,"XGBClassifier(base_score=None, booster=None, callbacks=None,
              colsample_bylevel=None, colsample_bynode=None,
              colsample_bytree=0.9599276871933473, device=None,
              early_stopping_rounds=None, enable_categorical=True,
              eval_metric=None, feature_types=None, feature_weights=None,
              gamma=0.7537186747040603, grow_policy=None, importance_type=None,
              interaction_constraints=None, learning_rate=0.15469522405291256,
              max_bin=None, max_cat_threshold=None, max_cat_to_onehot=None,
              max_delta_step=None, max_depth=7, max_leaves=None,
              min_child_weight=None, missing=nan, monotone_constraints=None,
              multi_strategy=None, n_estimators=500, n_jobs=None,
              num_parallel_tree=None, ...)"
XGBoost,1.8015962827889414,901,0.35,"XGBClassifier(base_score=None, booster=None, callbacks=None,
              colsample_bylevel=None, colsample_bynode=None,
              colsample_bytree=0.699492681924237, device=None,
              early_stopping_rounds=None, enable_categorical=True,
              eval_metric=None, feature_types=None, feature_weights=None,
              gamma=0.7694997553338027, grow_policy=None, importance_type=None,
              interaction_constraints=None, learning_rate=0.16932187360358758,
              max_bin=None, max_cat_threshold=None, max_cat_to_onehot=None,
              max_delta_step=None, max_depth=4, max_leaves=None,
              min_child_weight=None, missing=nan, monotone_constraints=None,
              multi_strategy=None, n_estimators=900, n_jobs=None,
              num_parallel_tree=None, ...)"
XGBoost,1.719807090393811,834,0.5,"XGBClassifier(base_score=None, booster=None, callbacks=None,
              colsample_bylevel=None, colsample_bynode=None,
              colsample_bytree=0.8330544692899369, device=None,
              early_stopping_rounds=None, enable_categorical=True,
              eval_metric=None, feature_types=None, feature_weights=None,
              gamma=0.21854691732288895, grow_policy=None, importance_type=None,
              interaction_constraints=None, learning_rate=0.04162793418868346,
              max_bin=None, max_cat_threshold=None, max_cat_to_onehot=None,
              max_delta_step=None, max_depth=4, max_leaves=None,
              min_child_weight=None, missing=nan, monotone_constraints=None,
              multi_strategy=None, n_estimators=100, n_jobs=None,
              num_parallel_tree=None, ...)"
XGBoost,1.578641660901512,918,0.4,"XGBClassifier(base_score=None, booster=None, callbacks=None,
              colsample_bylevel=None, colsample_bynode=None,
              colsample_bytree=0.8185792463994958, device=None,
              early_stopping_rounds=None, enable_categorical=True,
              eval_metric=None, feature_types=None, feature_weights=None,
              gamma=0.5071224790301552, grow_policy=None, importance_type=None,
              interaction_constraints=None, learning_rate=0.12405601395424191,
              max_bin=None, max_cat_threshold=None, max_cat_to_onehot=None,
              max_delta_step=None, max_depth=3, max_leaves=None,
              min_child_weight=None, missing=nan, monotone_constraints=None,
              multi_strategy=None, n_estimators=600, n_jobs=None,
              num_parallel_tree=None, ...)"
XGBoost,1.5534809988900562,944,0.35,"XGBClassifier(base_score=None, booster=None, callbacks=None,
              colsample_bylevel=None, colsample_bynode=None,
              colsample_bytree=0.7016840196357097, device=None,
              early_stopping_rounds=None, enable_categorical=True,
              eval_metric=None, feature_types=None, feature_weights=None,
              gamma=0.7826425902516339, grow_policy=None, importance_type=None,
              interaction_constraints=None, learning_rate=0.16303230557537846,
              max_bin=None, max_cat_threshold=None, max_cat_to_onehot=None,
              max_delta_step=None, max_depth=6, max_leaves=None,
              min_child_weight=None, missing=nan, monotone_constraints=None,
              multi_strategy=None, n_estimators=900, n_jobs=None,
              num_parallel_tree=None, ...)"
XGBoost,1.4800619484494522,961,0.35,"XGBClassifier(base_score=None, booster=None, callbacks=None,
              colsample_bylevel=None, colsample_bynode=None,
              colsample_bytree=0.707984339668859, device=None,
              early_stopping_rounds=None, enable_categorical=True,
              eval_metric=None, feature_types=None, feature_weights=None,
              gamma=0.8391025443971157, grow_policy=None, importance_type=None,
              interaction_constraints=None, learning_rate=0.16491485885368906,
              max_bin=None, max_cat_threshold=None, max_cat_to_onehot=None,
              max_delta_step=None, max_depth=6, max_leaves=None,
              min_child_weight=None, missing=nan, monotone_constraints=None,
              multi_strategy=None, n_estimators=900, n_jobs=None,
              num_parallel_tree=None, ...)"
XGBoost,1.4717025465983824,936,0.4,"XGBClassifier(base_score=None, booster=None, callbacks=None,
              colsample_bylevel=None, colsample_bynode=None,
              colsample_bytree=0.828857422100324, device=None,
              early_stopping_rounds=None, enable_categorical=True,
              eval_metric=None, feature_types=None, feature_weights=None,
              gamma=0.15924859089154642, grow_policy=None, importance_type=None,
              interaction_constraints=None, learning_rate=0.1399948960902223,
              max_bin=None, max_cat_threshold=None, max_cat_to_onehot=None,
              max_delta_step=None, max_depth=2, max_leaves=None,
              min_child_weight=None, missing=nan, monotone_constraints=None,
              multi_strategy=None, n_estimators=700, n_jobs=None,
              num_parallel_tree=None, ...)"
XGBoost,1.41775471130702,965,0.35,"XGBClassifier(base_score=None, booster=None, callbacks=None,
              colsample_bylevel=None, colsample_bynode=None,
              colsample_bytree=0.7824123967482339, device=None,
              early_stopping_rounds=None, enable_categorical=True,
              eval_metric=None, feature_types=None, feature_weights=None,
              gamma=0.6957651703768372, grow_policy=None, importance_type=None,
              interaction_constraints=None, learning_rate=0.17458551576485865,
              max_bin=None, max_cat_threshold=None, max_cat_to_onehot=None,
              max_delta_step=None, max_depth=4, max_leaves=None,
              min_child_weight=None, missing=nan, monotone_constraints=None,
              multi_strategy=None, n_estimators=1000, n_jobs=None,
              num_parallel_tree=None, ...)"
XGBoost,1.3996586062983867,882,0.5,"XGBClassifier(base_score=None, booster=None, callbacks=None,
              colsample_bylevel=None, colsample_bynode=None,
              colsample_bytree=0.8032237169001707, device=None,
              early_stopping_rounds=None, enable_categorical=True,
              eval_metric=None, feature_types=None, feature_weights=None,
              gamma=1.2616655133508952, grow_policy=None, importance_type=None,
              interaction_constraints=None, learning_rate=0.09893614649534516,
              max_bin=None, max_cat_threshold=None, max_cat_to_onehot=None,
              max_delta_step=None, max_depth=10, max_leaves=None,
              min_child_weight=None, missing=nan, monotone_constraints=None,
              multi_strategy=None, n_estimators=300, n_jobs=None,
              num_parallel_tree=None, ...)"
XGBoost,1.3077741665558624,997,0.35,"XGBClassifier(base_score=None, booster=None, callbacks=None,
              colsample_bylevel=None, colsample_bynode=None,
              colsample_bytree=0.8075189179072509, device=None,
              early_stopping_rounds=None, enable_categorical=True,
              eval_metric=None, feature_types=None, feature_weights=None,
              gamma=0.6415399906212673, grow_policy=None, importance_type=None,
              interaction_constraints=None, learning_rate=0.18362406518353708,
              max_bin=None, max_cat_threshold=None, max_cat_to_onehot=None,
              max_delta_step=None, max_depth=6, max_leaves=None,
              min_child_weight=None, missing=nan, monotone_constraints=None,
              multi_strategy=None, n_estimators=900, n_jobs=None,
              num_parallel_tree=None, ...)"
XGBoost,1.288806565887328,994,0.35,"XGBClassifier(base_score=None, booster=None, callbacks=None,
              colsample_bylevel=None, colsample_bynode=None,
              colsample_bytree=0.709534832327095, device=None,
              early_stopping_rounds=None, enable_categorical=True,
              eval_metric=None, feature_types=None, feature_weights=None,
              gamma=0.8817770349814253, grow_policy=None, importance_type=None,
              interaction_constraints=None, learning_rate=0.16623792525264422,
              max_bin=None, max_cat_threshold=None, max_cat_to_onehot=None,
              max_delta_step=None, max_depth=6, max_leaves=None,
              min_child_weight=None, missing=nan, monotone_constraints=None,
              multi_strategy=None, n_estimators=900, n_jobs=None,
              num_parallel_tree=None, ...)"
XGBoost,1.2741950393970716,960,0.45,"XGBClassifier(base_score=None, booster=None, callbacks=None,
              colsample_bylevel=None, colsample_bynode=None,
              colsample_bytree=0.9237944202557815, device=None,
              early_stopping_rounds=None, enable_categorical=True,
              eval_metric=None, feature_types=None, feature_weights=None,
              gamma=1.553755053526391, grow_policy=None, importance_type=None,
              interaction_constraints=None, learning_rate=0.11222553759429241,
              max_bin=None, max_cat_threshold=None, max_cat_to_onehot=None,
              max_delta_step=None, max_depth=8, max_leaves=None,
              min_child_weight=None, missing=nan, monotone_constraints=None,
              multi_strategy=None, n_estimators=800, n_jobs=None,
              num_parallel_tree=None, ...)"
XGBoost,1.2633425331676653,1002,0.35,"XGBClassifier(base_score=None, booster=None, callbacks=None,
              colsample_bylevel=None, colsample_bynode=None,
              colsample_bytree=0.7030487301706773, device=None,
              early_stopping_rounds=None, enable_categorical=True,
              eval_metric=None, feature_types=None, feature_weights=None,
              gamma=0.7047912936000399, grow_policy=None, importance_type=None,
              interaction_constraints=None, learning_rate=0.1675207804669273,
              max_bin=None, max_cat_threshold=None, max_cat_to_onehot=None,
              max_delta_step=None, max_depth=4, max_leaves=None,
              min_child_weight=None, missing=nan, monotone_constraints=None,
              multi_strategy=None, n_estimators=900, n_jobs=None,
              num_parallel_tree=None, ...)"
XGBoost,1.1334818037402377,1004,0.45,"XGBClassifier(base_score=None, booster=None, callbacks=None,
              colsample_bylevel=None, colsample_bynode=None,
              colsample_bytree=0.6478020737519355, device=None,
              early_stopping_rounds=None, enable_categorical=True,
              eval_metric=None, feature_types=None, feature_weights=None,
              gamma=2.1403005636468633, grow_policy=None, importance_type=None,
              interaction_constraints=None, learning_rate=0.1103333562258874,
              max_bin=None, max_cat_threshold=None, max_cat_to_onehot=None,
              max_delta_step=None, max_depth=7, max_leaves=None,
              min_child_weight=None, missing=nan, monotone_constraints=None,
              multi_strategy=None, n_estimators=900, n_jobs=None,
              num_parallel_tree=None, ...)"
XGBoost,1.0820354911265881,973,0.5,"XGBClassifier(base_score=None, booster=None, callbacks=None,
              colsample_bylevel=None, colsample_bynode=None,
              colsample_bytree=0.7988055907629084, device=None,
              early_stopping_rounds=None, enable_categorical=True,
              eval_metric=None, feature_types=None, feature_weights=None,
              gamma=1.7286353334804665, grow_policy=None, importance_type=None,
              interaction_constraints=None, learning_rate=0.1926023914784803,
              max_bin=None, max_cat_threshold=None, max_cat_to_onehot=None,
              max_delta_step=None, max_depth=10, max_leaves=None,
              min_child_weight=None, missing=nan, monotone_constraints=None,
              multi_strategy=None, n_estimators=200, n_jobs=None,
              num_parallel_tree=None, ...)"
XGBoost,1.068089279190094,1037,0.4,"XGBClassifier(base_score=None, booster=None, callbacks=None,
              colsample_bylevel=None, colsample_bynode=None,
              colsample_bytree=0.8152419453387827, device=None,
              early_stopping_rounds=None, enable_categorical=True,
              eval_metric=None, feature_types=None, feature_weights=None,
              gamma=0.47366984256278966, grow_policy=None, importance_type=None,
              interaction_constraints=None, learning_rate=0.12589167954569602,
              max_bin=None, max_cat_threshold=None, max_cat_to_onehot=None,
              max_delta_step=None, max_depth=3, max_leaves=None,
              min_child_weight=None, missing=nan, monotone_constraints=None,
              multi_strategy=None, n_estimators=800, n_jobs=None,
              num_parallel_tree=None, ...)"
XGBoost,1.0478214132517616,949,0.5,"XGBClassifier(base_score=None, booster=None, callbacks=None,
              colsample_bylevel=None, colsample_bynode=None,
              colsample_bytree=0.6467351463904419, device=None,
              early_stopping_rounds=None, enable_categorical=True,
              eval_metric=None, feature_types=None, feature_weights=None,
              gamma=1.7396606438059958, grow_policy=None, importance_type=None,
              interaction_constraints=None, learning_rate=0.1472025566405951,
              max_bin=None, max_cat_threshold=None, max_cat_to_onehot=None,
              max_delta_step=None, max_depth=10, max_leaves=None,
              min_child_weight=None, missing=nan, monotone_constraints=None,
              multi_strategy=None, n_estimators=300, n_jobs=None,
              num_parallel_tree=None, ...)"
XGBoost,0.9925193782616246,1037,0.4,"XGBClassifier(base_score=None, booster=None, callbacks=None,
              colsample_bylevel=None, colsample_bynode=None,
              colsample_bytree=0.8415661842526254, device=None,
              early_stopping_rounds=None, enable_categorical=True,
              eval_metric=None, feature_types=None, feature_weights=None,
              gamma=0.4585781298505431, grow_policy=None, importance_type=None,
              interaction_constraints=None, learning_rate=0.14444963429833596,
              max_bin=None, max_cat_threshold=None, max_cat_to_onehot=None,
              max_delta_step=None, max_depth=3, max_leaves=None,
              min_child_weight=None, missing=nan, monotone_constraints=None,
              multi_strategy=None, n_estimators=800, n_jobs=None,
              num_parallel_tree=None, ...)"
XGBoost,0.9706665692638232,1062,0.35,"XGBClassifier(base_score=None, booster=None, callbacks=None,
              colsample_bylevel=None, colsample_bynode=None,
              colsample_bytree=0.7031196856728986, device=None,
              early_stopping_rounds=None, enable_categorical=True,
              eval_metric=None, feature_types=None, feature_weights=None,
              gamma=0.8188735929444148, grow_policy=None, importance_type=None,
              interaction_constraints=None, learning_rate=0.15992545326317875,
              max_bin=None, max_cat_threshold=None, max_cat_to_onehot=None,
              max_delta_step=None, max_depth=6, max_leaves=None,
              min_child_weight=None, missing=nan, monotone_constraints=None,
              multi_strategy=None, n_estimators=900, n_jobs=None,
              num_parallel_tree=None, ...)"
XGBoost,0.9533806059515537,1017,0.5,"XGBClassifier(base_score=None, booster=None, callbacks=None,
              colsample_bylevel=None, colsample_bynode=None,
              colsample_bytree=0.6435424663258222, device=None,
              early_stopping_rounds=None, enable_categorical=True,
              eval_metric=None, feature_types=None, feature_weights=None,
              gamma=1.8956822927486332, grow_policy=None, importance_type=None,
              interaction_constraints=None, learning_rate=0.09557548822823407,
              max_bin=None, max_cat_threshold=None, max_cat_to_onehot=None,
              max_delta_step=None, max_depth=7, max_leaves=None,
              min_child_weight=None, missing=nan, monotone_constraints=None,
              multi_strategy=None, n_estimators=300, n_jobs=None,
              num_parallel_tree=None, ...)"
XGBoost,0.9392018252175116,1057,0.35,"XGBClassifier(base_score=None, booster=None, callbacks=None,
              colsample_bylevel=None, colsample_bynode=None,
              colsample_bytree=0.7004219869771573, device=None,
              early_stopping_rounds=None, enable_categorical=True,
              eval_metric=None, feature_types=None, feature_weights=None,
              gamma=0.9195689482176426, grow_policy=None, importance_type=None,
              interaction_constraints=None, learning_rate=0.1619072698010496,
              max_bin=None, max_cat_threshold=None, max_cat_to_onehot=None,
              max_delta_step=None, max_depth=6, max_leaves=None,
              min_child_weight=None, missing=nan, monotone_constraints=None,
              multi_strategy=None, n_estimators=900, n_jobs=None,
              num_parallel_tree=None, ...)"
XGBoost,0.9267029910298685,988,0.5,"XGBClassifier(base_score=None, booster=None, callbacks=None,
              colsample_bylevel=None, colsample_bynode=None,
              colsample_bytree=0.8043139369709705, device=None,
              early_stopping_rounds=None, enable_categorical=True,
              eval_metric=None, feature_types=None, feature_weights=None,
              gamma=1.6951263835272423, grow_policy=None, importance_type=None,
              interaction_constraints=None, learning_rate=0.09311678141536622,
              max_bin=None, max_cat_threshold=None, max_cat_to_onehot=None,
              max_delta_step=None, max_depth=10, max_leaves=None,
              min_child_weight=None, missing=nan, monotone_constraints=None,
              multi_strategy=None, n_estimators=800, n_jobs=None,
              num_parallel_tree=None, ...)"
XGBoost,0.9205148287660831,1044,0.4,"XGBClassifier(base_score=None, booster=None, callbacks=None,
              colsample_bylevel=None, colsample_bynode=None,
              colsample_bytree=0.8144537441316876, device=None,
              early_stopping_rounds=None, enable_categorical=True,
              eval_metric=None, feature_types=None, feature_weights=None,
              gamma=0.49717499267030735, grow_policy=None, importance_type=None,
              interaction_constraints=None, learning_rate=0.12481612170605277,
              max_bin=None, max_cat_threshold=None, max_cat_to_onehot=None,
              max_delta_step=None, max_depth=3, max_leaves=None,
              min_child_weight=None, missing=nan, monotone_constraints=None,
              multi_strategy=None, n_estimators=700, n_jobs=None,
              num_parallel_tree=None, ...)"
XGBoost,0.8558456469402319,1045,0.5,"XGBClassifier(base_score=None, booster=None, callbacks=None,
              colsample_bylevel=None, colsample_bynode=None,
              colsample_bytree=0.8110672182703115, device=None,
              early_stopping_rounds=None, enable_categorical=True,
              eval_metric=None, feature_types=None, feature_weights=None,
              gamma=1.7768139762403465, grow_policy=None, importance_type=None,
              interaction_constraints=None, learning_rate=0.14616341624323886,
              max_bin=None, max_cat_threshold=None, max_cat_to_onehot=None,
              max_delta_step=None, max_depth=4, max_leaves=None,
              min_child_weight=None, missing=nan, monotone_constraints=None,
              multi_strategy=None, n_estimators=800, n_jobs=None,
              num_parallel_tree=None, ...)"
XGBoost,0.7938329301264136,1074,0.4,"XGBClassifier(base_score=None, booster=None, callbacks=None,
              colsample_bylevel=None, colsample_bynode=None,
              colsample_bytree=0.8498683719635982, device=None,
              early_stopping_rounds=None, enable_categorical=True,
              eval_metric=None, feature_types=None, feature_weights=None,
              gamma=0.525129472380329, grow_policy=None, importance_type=None,
              interaction_constraints=None, learning_rate=0.12573774293586992,
              max_bin=None, max_cat_threshold=None, max_cat_to_onehot=None,
              max_delta_step=None, max_depth=3, max_leaves=None,
              min_child_weight=None, missing=nan, monotone_constraints=None,
              multi_strategy=None, n_estimators=700, n_jobs=None,
              num_parallel_tree=None, ...)"
XGBoost,0.6886938363000965,1100,0.4,"XGBClassifier(base_score=None, booster=None, callbacks=None,
              colsample_bylevel=None, colsample_bynode=None,
              colsample_bytree=0.8477673802264887, device=None,
              early_stopping_rounds=None, enable_categorical=True,
              eval_metric=None, feature_types=None, feature_weights=None,
              gamma=0.505882367509307, grow_policy=None, importance_type=None,
              interaction_constraints=None, learning_rate=0.10017240564941435,
              max_bin=None, max_cat_threshold=None, max_cat_to_onehot=None,
              max_delta_step=None, max_depth=3, max_leaves=None,
              min_child_weight=None, missing=nan, monotone_constraints=None,
              multi_strategy=None, n_estimators=800, n_jobs=None,
              num_parallel_tree=None, ...)"
XGBoost,0.6883053217386875,1100,0.4,"XGBClassifier(base_score=None, booster=None, callbacks=None,
              colsample_bylevel=None, colsample_bynode=None,
              colsample_bytree=0.8345745572708501, device=None,
              early_stopping_rounds=None, enable_categorical=True,
              eval_metric=None, feature_types=None, feature_weights=None,
              gamma=0.46653065445427333, grow_policy=None, importance_type=None,
              interaction_constraints=None, learning_rate=0.12514122516858162,
              max_bin=None, max_cat_threshold=None, max_cat_to_onehot=None,
              max_delta_step=None, max_depth=3, max_leaves=None,
              min_child_weight=None, missing=nan, monotone_constraints=None,
              multi_strategy=None, n_estimators=800, n_jobs=None,
              num_parallel_tree=None, ...)"
XGBoost,0.6673632374161846,1100,0.4,"XGBClassifier(base_score=None, booster=None, callbacks=None,
              colsample_bylevel=None, colsample_bynode=None,
              colsample_bytree=0.8141135955291852, device=None,
              early_stopping_rounds=None, enable_categorical=True,
              eval_metric=None, feature_types=None, feature_weights=None,
              gamma=0.5063135143071291, grow_policy=None, importance_type=None,
              interaction_constraints=None, learning_rate=0.1321636246747561,
              max_bin=None, max_cat_threshold=None, max_cat_to_onehot=None,
              max_delta_step=None, max_depth=3, max_leaves=None,
              min_child_weight=None, missing=nan, monotone_constraints=None,
              multi_strategy=None, n_estimators=800, n_jobs=None,
              num_parallel_tree=None, ...)"
XGBoost,0.6607124586773,1103,0.4,"XGBClassifier(base_score=None, booster=None, callbacks=None,
              colsample_bylevel=None, colsample_bynode=None,
              colsample_bytree=0.8408859471607492, device=None,
              early_stopping_rounds=None, enable_categorical=True,
              eval_metric=None, feature_types=None, feature_weights=None,
              gamma=0.4931074889267051, grow_policy=None, importance_type=None,
              interaction_constraints=None, learning_rate=0.12754398668091912,
              max_bin=None, max_cat_threshold=None, max_cat_to_onehot=None,
              max_delta_step=None, max_depth=3, max_leaves=None,
              min_child_weight=None, missing=nan, monotone_constraints=None,
              multi_strategy=None, n_estimators=700, n_jobs=None,
              num_parallel_tree=None, ...)"
XGBoost,0.6551345789002505,1108,0.4,"XGBClassifier(base_score=None, booster=None, callbacks=None,
              colsample_bylevel=None, colsample_bynode=None,
              colsample_bytree=0.8443201632452297, device=None,
              early_stopping_rounds=None, enable_categorical=True,
              eval_metric=None, feature_types=None, feature_weights=None,
              gamma=0.5089144680986765, grow_policy=None, importance_type=None,
              interaction_constraints=None, learning_rate=0.1228973655616449,
              max_bin=None, max_cat_threshold=None, max_cat_to_onehot=None,
              max_delta_step=None, max_depth=3, max_leaves=None,
              min_child_weight=None, missing=nan, monotone_constraints=None,
              multi_strategy=None, n_estimators=800, n_jobs=None,
              num_parallel_tree=None, ...)"
XGBoost,0.5707674546921565,1123,0.4,"XGBClassifier(base_score=None, booster=None, callbacks=None,
              colsample_bylevel=None, colsample_bynode=None,
              colsample_bytree=0.8572028574738699, device=None,
              early_stopping_rounds=None, enable_categorical=True,
              eval_metric=None, feature_types=None, feature_weights=None,
              gamma=2.0228477270462113, grow_policy=None, importance_type=None,
              interaction_constraints=None, learning_rate=0.07570941209092222,
              max_bin=None, max_cat_threshold=None, max_cat_to_onehot=None,
              max_delta_step=None, max_depth=9, max_leaves=None,
              min_child_weight=None, missing=nan, monotone_constraints=None,
              multi_strategy=None, n_estimators=900, n_jobs=None,
              num_parallel_tree=None, ...)"
XGBoost,0.4514270472574854,1148,0.3,"XGBClassifier(base_score=None, booster=None, callbacks=None,
              colsample_bylevel=None, colsample_bynode=None,
              colsample_bytree=0.865114510685178, device=None,
              early_stopping_rounds=None, enable_categorical=True,
              eval_metric=None, feature_types=None, feature_weights=None,
              gamma=1.8279102097947546, grow_policy=None, importance_type=None,
              interaction_constraints=None, learning_rate=0.13263949399081384,
              max_bin=None, max_cat_threshold=None, max_cat_to_onehot=None,
              max_delta_step=None, max_depth=4, max_leaves=None,
              min_child_weight=None, missing=nan, monotone_constraints=None,
              multi_strategy=None, n_estimators=400, n_jobs=None,
              num_parallel_tree=None, ...)"
XGBoost,0.4513153179385347,1149,0.3,"XGBClassifier(base_score=None, booster=None, callbacks=None,
              colsample_bylevel=None, colsample_bynode=None,
              colsample_bytree=0.9987089727822764, device=None,
              early_stopping_rounds=None, enable_categorical=True,
              eval_metric=None, feature_types=None, feature_weights=None,
              gamma=2.9005590473418055, grow_policy=None, importance_type=None,
              interaction_constraints=None, learning_rate=0.14280232022913583,
              max_bin=None, max_cat_threshold=None, max_cat_to_onehot=None,
              max_delta_step=None, max_depth=2, max_leaves=None,
              min_child_weight=None, missing=nan, monotone_constraints=None,
              multi_strategy=None, n_estimators=200, n_jobs=None,
              num_parallel_tree=None, ...)"
XGBoost,0.4295278060075554,1151,0.45,"XGBClassifier(base_score=None, booster=None, callbacks=None,
              colsample_bylevel=None, colsample_bynode=None,
              colsample_bytree=0.6045435127152436, device=None,
              early_stopping_rounds=None, enable_categorical=True,
              eval_metric=None, feature_types=None, feature_weights=None,
              gamma=4.325921084905767, grow_policy=None, importance_type=None,
              interaction_constraints=None, learning_rate=0.15636006494837745,
              max_bin=None, max_cat_threshold=None, max_cat_to_onehot=None,
              max_delta_step=None, max_depth=6, max_leaves=None,
              min_child_weight=None, missing=nan, monotone_constraints=None,
              multi_strategy=None, n_estimators=600, n_jobs=None,
              num_parallel_tree=None, ...)"
XGBoost,0.4295278060075554,1151,0.3,"XGBClassifier(base_score=None, booster=None, callbacks=None,
              colsample_bylevel=None, colsample_bynode=None,
              colsample_bytree=0.6760399794587341, device=None,
              early_stopping_rounds=None, enable_categorical=True,
              eval_metric=None, feature_types=None, feature_weights=None,
              gamma=1.39568886831734, grow_policy=None, importance_type=None,
              interaction_constraints=None, learning_rate=0.09423837331296031,
              max_bin=None, max_cat_threshold=None, max_cat_to_onehot=None,
              max_delta_step=None, max_depth=10, max_leaves=None,
              min_child_weight=None, missing=nan, monotone_constraints=None,
              multi_strategy=None, n_estimators=800, n_jobs=None,
              num_parallel_tree=None, ...)"
XGBoost,0.4295278060075554,1151,0.4,"XGBClassifier(base_score=None, booster=None, callbacks=None,
              colsample_bylevel=None, colsample_bynode=None,
              colsample_bytree=0.8441536596819181, device=None,
              early_stopping_rounds=None, enable_categorical=True,
              eval_metric=None, feature_types=None, feature_weights=None,
              gamma=3.408923166004809, grow_policy=None, importance_type=None,
              interaction_constraints=None, learning_rate=0.12437961339824782,
              max_bin=None, max_cat_threshold=None, max_cat_to_onehot=None,
              max_delta_step=None, max_depth=3, max_leaves=None,
              min_child_weight=None, missing=nan, monotone_constraints=None,
              multi_strategy=None, n_estimators=600, n_jobs=None,
              num_parallel_tree=None, ...)"
XGBoost,0.4295278060075554,1151,0.3,"XGBClassifier(base_score=None, booster=None, callbacks=None,
              colsample_bylevel=None, colsample_bynode=None,
              colsample_bytree=0.7550319842881587, device=None,
              early_stopping_rounds=None, enable_categorical=True,
              eval_metric=None, feature_types=None, feature_weights=None,
              gamma=2.9178930507631575, grow_policy=None, importance_type=None,
              interaction_constraints=None, learning_rate=0.18412910256271992,
              max_bin=None, max_cat_threshold=None, max_cat_to_onehot=None,
              max_delta_step=None, max_depth=3, max_leaves=None,
              min_child_weight=None, missing=nan, monotone_constraints=None,
              multi_strategy=None, n_estimators=400, n_jobs=None,
              num_parallel_tree=None, ...)"
XGBoost,0.4295278060075554,1151,0.35,"XGBClassifier(base_score=None, booster=None, callbacks=None,
              colsample_bylevel=None, colsample_bynode=None,
              colsample_bytree=0.9030737548939095, device=None,
              early_stopping_rounds=None, enable_categorical=True,
              eval_metric=None, feature_types=None, feature_weights=None,
              gamma=2.8461642730937915, grow_policy=None, importance_type=None,
              interaction_constraints=None, learning_rate=0.18197522955990703,
              max_bin=None, max_cat_threshold=None, max_cat_to_onehot=None,
              max_delta_step=None, max_depth=6, max_leaves=None,
              min_child_weight=None, missing=nan, monotone_constraints=None,
              multi_strategy=None, n_estimators=900, n_jobs=None,
              num_parallel_tree=None, ...)"
XGBoost,0.4295278060075554,1151,0.45,"XGBClassifier(base_score=None, booster=None, callbacks=None,
              colsample_bylevel=None, colsample_bynode=None,
              colsample_bytree=0.9353514708209301, device=None,
              early_stopping_rounds=None, enable_categorical=True,
              eval_metric=None, feature_types=None, feature_weights=None,
              gamma=4.075169384649449, grow_policy=None, importance_type=None,
              interaction_constraints=None, learning_rate=0.07170967232564826,
              max_bin=None, max_cat_threshold=None, max_cat_to_onehot=None,
              max_delta_step=None, max_depth=6, max_leaves=None,
              min_child_weight=None, missing=nan, monotone_constraints=None,
              multi_strategy=None, n_estimators=800, n_jobs=None,
              num_parallel_tree=None, ...)"
XGBoost,0.4295278060075554,1151,0.3,"XGBClassifier(base_score=None, booster=None, callbacks=None,
              colsample_bylevel=None, colsample_bynode=None,
              colsample_bytree=0.7473153849915187, device=None,
              early_stopping_rounds=None, enable_categorical=True,
              eval_metric=None, feature_types=None, feature_weights=None,
              gamma=2.981198047706423, grow_policy=None, importance_type=None,
              interaction_constraints=None, learning_rate=0.15550888099826365,
              max_bin=None, max_cat_threshold=None, max_cat_to_onehot=None,
              max_delta_step=None, max_depth=6, max_leaves=None,
              min_child_weight=None, missing=nan, monotone_constraints=None,
              multi_strategy=None, n_estimators=900, n_jobs=None,
              num_parallel_tree=None, ...)"
XGBoost,0.4295278060075554,1151,0.45,"XGBClassifier(base_score=None, booster=None, callbacks=None,
              colsample_bylevel=None, colsample_bynode=None,
              colsample_bytree=0.9810146143636108, device=None,
              early_stopping_rounds=None, enable_categorical=True,
              eval_metric=None, feature_types=None, feature_weights=None,
              gamma=4.992273452641177, grow_policy=None, importance_type=None,
              interaction_constraints=None, learning_rate=0.038338391109260184,
              max_bin=None, max_cat_threshold=None, max_cat_to_onehot=None,
              max_delta_step=None, max_depth=4, max_leaves=None,
              min_child_weight=None, missing=nan, monotone_constraints=None,
              multi_strategy=None, n_estimators=1000, n_jobs=None,
              num_parallel_tree=None, ...)"
XGBoost,0.4295278060075554,1151,0.4,"XGBClassifier(base_score=None, booster=None, callbacks=None,
              colsample_bylevel=None, colsample_bynode=None,
              colsample_bytree=0.8520494225139593, device=None,
              early_stopping_rounds=None, enable_categorical=True,
              eval_metric=None, feature_types=None, feature_weights=None,
              gamma=3.456321937220941, grow_policy=None, importance_type=None,
              interaction_constraints=None, learning_rate=0.14292186425908823,
              max_bin=None, max_cat_threshold=None, max_cat_to_onehot=None,
              max_delta_step=None, max_depth=3, max_leaves=None,
              min_child_weight=None, missing=nan, monotone_constraints=None,
              multi_strategy=None, n_estimators=700, n_jobs=None,
              num_parallel_tree=None, ...)"
